Psychopathology,0.202560693
Lead,-0.287740508
Lean,0.063480824
Poetry,-0.04559552
Nanosci,-0.06306287
Foundation,-0.031305219
Voice,-0.102719272
Plato,-0.013995868
Fluid,0.112425443
Architects,0.179958774
Western,-0.039356644
Hosp,-0.08674959
Euro,0.116578944
@,-0.077351202
Elec,-0.430320652
Industry,-0.012179631
Blade,-0.125808917
Infants,0.15618881
Econometric,0.204600537
Origin,-0.07045444
Biotech,-0.052954369
Rome/art-lit-cin,-0.073039601
Economists,-0.022550423
Beginning,-0.196926046
Tragedy,0.067920333
Paul,-0.083137347
Gi,0.09246556
Mgmt&amp;econofpharma,0.029585399
Animation),-0.022695181
Iphone,-0.28031361
Lovers,-0.007683917
Rdgs,-0.415675416
Stsc,0.073753379
Applic,0.048494653
Pub,-0.063948812
Biochem.,0.089190984
Game,-0.173033366
Thesis-biomed,0.072598554
Augustan,-0.004943067
Complx,0.027755315
Determinants,0.02711989
Plng,-0.1056335
Patients,0.060325743
Habits,-0.093227316
Atria,0.008351248
Elect,-0.062105123
Stepdown,0.099087348
Devils,-0.144070622
Issues,0.015083666
Psyc,0.189647078
Spruce,0.047048366
Home,-0.043831462
Alternative,0.041055698
Negotiations,-0.115359504
Ethic,0.093009403
Group,-0.009324457
Jew,-0.077843306
Basis,-0.074152089
Foodways,0.094055047
St.,-0.061580304
Relations,-0.001922806
Book,-0.110399601
Health,0.036908539
Evil,-0.122309959
Basic,0.018203094
9s,0.09246556
Offshore,-0.208129723
Stat,0.04356563
Pediatrics,-0.05288289
Drugs,0.204656199
Ah&amp;i,0.105382367
Foundations,0.039679486
Biol.,-0.022015394
(Vamc),0.036353633
Humanitarian,-0.003528507
Devices,-0.095605577
Stu,0.006419598
Ameritocracy,-0.018644574
Str,-0.025080681
Mythology,-0.106243161
Painting,0.237168196
Financial,0.029166881
Latina/o,-0.057436987
Supply,0.005065027
Afrc,-0.180729512
Afro,-0.084063166
Corporations,-0.20945902
Poem,-0.130170759
Perspectives,-0.080230734
Innovat,0.078681676
Corporation,0.153667864
Capital,0.005834297
Reality,-0.007377275
Lit,0.028673601
Globalization,-0.105454798
Hamlet?,0.013996649
Quant,0.139930703
Digital,-0.115794654
Hillman,0.084555349
Phys/models,0.079950778
Wheel,-0.039964546
Meets,-0.056329697
Fundamentals,0.09326117
Journal,-0.080311812
Anatomy,0.139428097
Philos,0.052208711
Amer/brit,-0.012179631
Aftermath,0.084304586
Oil&amp;global,-0.033149742
Formal,0.128124901
Billion,-0.025685868
Tpc,0.208267776
Psychological,0.070662312
Microbial,-0.119360113
Renew,-0.02345081
Lifestyles,-0.08958016
1660-1914,-0.066610367
Civil,0.077937944
Japanese,-0.115764599
18th,-0.175567214
Stds,0.024354542
Beyond,0.121274625
Regression,0.190771215
Ancient,-0.036319871
Colonial,-0.27617144
Housing,-0.191963863
Selected,0.031459883
Bfs,-0.423628847
Societal,-0.016891567
TRUE,-0.143139694
Synthesis,-0.042156226
Urban,0.007227449
His,-0.238614993
Monetary,0.028796284
Anthropology,0.14006161
Screenwriting,-0.225262897
Gend/pol/rel,-0.235432298
Birth,0.038634633
Grek&amp;rom,-0.140700931
Mercy,0.014666119
Judaism,-0.064479877
Mobile,0.037967542
Administration,0.036353633
Challenge,0.028439094
Analysis,0.184449654
Organism,-0.08288157
Mechanics,0.054620355
Liberal,0.04738378
Disturbances,0.036651177
India,-0.031306795
Functional,0.36108104
Redeeemer,-0.083916342
Genet.,0.0337927
Genomic,0.0096704
Indiv,0.097238348
Transport,0.190005706
Genomics,-0.003855204
Contested,0.262340206
Postcolonial,0.030098905
Humor,-0.180708651
Csh,0.059877841
Feminist,-0.18364463
Cse,-0.078852593
Dressed,0.027157617
Politeness,-0.430707131
Transnational,-0.089775574
Strat&amp;econ,0.070708326
Flicks,0.001802435
Room,-0.056329697
Styles,0.263921549
Nano/macro,0.134101998
Presbyterian,0.097810899
Holy,-0.062043498
Musc,0.205837484
Wars,0.008899522
Prob,0.05424713
Nutritional,-0.307890812
Junior,-0.015019956
University,0.037538387
Work,-0.080977368
Biomaterials,-0.007329201
W,-0.007803936
Soc'ty,-0.331948133
North,-0.104742454
Studies,0.003835763
Criticism,0.013606333
War?,0.11887527
Curr,-0.029008219
Chain,0.005065027
Photo,-0.088716569
Rittenhouse,-0.077351202
Char,0.041490717
Costume,0.000215835
Human,-0.076111571
1970s,0.149807962
Interpreter,0.088391621
Econometrics,0.165170799
Cit.,0.010667203
Vibration,0.143978271
Dialects,-0.141342768
Rals,0.04461077
Creative,0.139007868
Cell,-0.040261571
Ameri,0.030990548
Buddhism,-0.094727494
European/world,0.016317591
Commentary,-0.062105123
20th-century,0.33747385
Sonic,0.166381062
Guises,-0.112058917
Congress,0.010955823
Chorale,0.065840461
Develp,0.04461077
Judgment,-0.042056012
Physiology,-0.129147038
B,0.054281504
Cont,0.010667203
17c,0.024849091
Stru,-0.060952427
Amer.,0.000105047
Pstcolnl,-0.009109734
Set,0.000215835
Multinatl,-0.062907063
Neuroscientst,-0.042479227
Allan,0.020485726
Sex,-0.035258755
Founda,0.019985573
Sec,0.039101891
Prose,0.010209492
Sem,-0.104349654
Univ,0.432900633
Pulmonary/hematology,0.168009567
Unit,0.020991558
Movements,0.122172324
Psychia,0.015211419
Affects,0.000365976
Vertebrate,0.229090564
Methodology,0.071445492
Animation,0.001691549
Designing,0.037967542
Scholar,-0.007803936
Of...,0.012553205
Asp,0.087920666
Algorithmic,0.070456574
Asians,0.082241955
Complementary,0.041055698
Intell,-0.057141489
Econ,-0.063924602
-,-0.065420666
Sys,-0.182769334
Bang,0.128272443
Mgmt,0.1250283
Mgmt&amp;strat,-0.012518058
Asl,-0.064181225
Artist,0.008734232
Fault,-0.02466244
Intro.,-0.016630692
Computers,0.081653925
Journalism,0.000236061
Inequality,-0.084180438
Pediatric,0.251218835
Table,0.005510899
Socioling,-0.094183798
Biological,-0.005708454
Qm,0.096777821
Vision,0.037914707
Material&amp;energy,0.029772899
7am,0.056084533
Samurai,-0.212807724
Quality,0.031825682
Dynamic,0.103215477
Itc,0.031612626
Voices,0.008602197
Its,0.115482318
Living,-0.307529056
Union,0.154094789
Obedience,-0.109007437
Alchemy,-0.12612574
Paradise,-0.052205945
Counterintel,0.003669209
12-3pm,0.025935103
Resources,-0.03699393
European,-0.093032441
Photographs,0.043499176
Bio,0.012650049
Janeiro,0.09602121
Big,-0.061575094
Photography,0.055859552
Visual,-0.111115472
Free,-0.137071046
Sustainability,0.040206879
1789-1945,0.020357841
Fiscal,0.237672245
Cognitive,-0.041593418
Level,0.010960471
Days,-0.006431938
Taxes,0.267673336
Story-tell.,-0.329207087
Organization,0.026090249
Soviet,0.117552355
Fict/film-jpan,-0.014914601
Ecology,-0.070943845
Over,-0.070429156
Listeng,-0.084456499
Washington,0.032979927
Epidemic,-0.142653793
Rio,0.09602121
Clinic,0.032326731
Sequential,0.171396469
Rel/lit,-0.038409733
1861-pres,0.055272592
Hospital,-0.127347225
Cell.,0.089190984
1960s,0.043028218
Performance,-0.002345384
Int'l,-0.141186223
Biology,0.070551488
Run,-0.025240899
Korea,0.032785674
Comprehensive,-0.45535686
U.s.,0.019255678
Rise,0.015624919
Choice,0.109008546
Water,0.046463625
Grps,0.044809853
Technologies,-0.048942378
Advanced,0.162182021
Anth,0.119387423
Info,-0.103662527
C,0.114890788
Cyberculture,-0.083995868
Wellness,0.070662312
Edgar,0.020485726
Metaethics,0.066298622
Exp,-0.054323241
Friendship,0.185362232
Romantics,0.005496178
Probability,0.234483552
Lang.,-0.291659984
Dance,0.004802435
Abnormal,0.026782844
Computer,0.029929275
Abcs,0.046463625
Novelist,-0.042479227
Undergraduate,0.207211972
Honors,0.037628384
Mkg,0.02234234
Embodied,0.097360333
Deeply,0.170830569
2nd,0.079245032
Strctre,0.068106467
Biotech/genetec,-0.136442749
Devel,0.004502169
1789-present,-0.009741439
Literature,-0.012392215
Coen,-0.06296483
Early,-0.131015184
Epidemiology,0.030589202
Envir,-0.102615592
Counterintelligence,0.222338419
Acute,0.062187551
Act&amp;,0.119586238
Mothers,0.028059933
Introductory,0.08529615
Citizens,0.017954309
Flow,0.012553205
Thurs,-0.054223721
Repro,-0.263410319
Engl,0.328610683
Euro.,0.000105047
Trans,-0.265786254
Sculpture,-0.039031212
Tpcs,0.030297631
Co,-0.089955028
7am-11am,0.043726251
Attraction,-0.329423894
Process,-0.108836496
Intl,0.098605989
Cf,-0.220465333
Immigrant,-0.048668166
Culture,0.097273353
Workshop,0.090730824
Cr,-0.055836029
(Cam),0.041055698
Span/ltam,-0.070429156
Ideas,0.142915619
Conceptions,-0.014613302
Ealc,0.065349277
Nat,-0.035094867
Connect,-0.01821658
Friendly/mercy,-0.162493601
Assessment,0.189677809
Pak,-0.104742454
Python,-0.12076726
Artifact,0.121851074
Dinosaurs,-0.070535595
Ldershp,-0.001828092
Spectro,0.000813362
Residence,-0.089719357
Queer,-0.054524839
Warmin,-0.033149742
Simul,0.105807739
Bus.,-0.595790507
Residency,0.036981066
Inorganic,-0.028357492
Engr,0.048494653
Va,-0.086561731
Mind,0.047035348
Rights/civ,0.015029811
Psych,-0.039514385
Dramaturgy,-0.221704201
Sounding,-0.018060223
2pm-10pm,-0.314826466
Native,0.005816964
Oceans,-0.048299673
Artifacts,0.027585399
Crime,0.017771861
Forms,-0.03686102
Eco,0.047710165
1776,0.025881845
Privacy,0.052687599
Achaemenids,0.084304586
Spiegel,-0.044557856
Wine,-0.00776843
Neuroendocrinology,0.152670799
Crim,0.018243093
James,-0.017223529
Hlth,-0.090146067
Embed,0.118389553
Flight,0.120982869
Wind,0.087138477
Reportin,-0.093378154
Deciphering,0.020197114
Art,-0.079109803
Teenagers,-0.08247597
Topic,0.0337927
Writ&amp;read,-0.461772005
Strenth,0.002041393
Migration,-0.057032961
Frames,-0.016891567
Bioethics,-0.134040874
Envs,0.119240748
Divided,0.170830569
System,0.235829131
Literatures,0.028244199
Analys,0.054808065
Life,-0.353510464
Senses,0.059328688
Missionaries,-0.18597279
&amp;Ngos,-0.077647462
Leg,-0.037085147
Hr,-0.206209274
/,0.076168965
209,-0.015629702
Restructuring,0.094460399
Hc,0.004474571
Drinking,0.066586726
20th-c,0.137379511
School,0.199020203
Origins,0.436845255
Disasters,0.001556309
Gen.phys.,-0.011276528
Inherit,0.052662901
Theories,0.063658919
Bones,-0.009443485
Near,-0.016385556
Practices,-0.096368372
Mid-east,0.100397544
First,0.025776101
Univ-comm,-0.035953184
Forecasting,-0.085929738
Image,0.158480081
Kafka,-0.094170586
Without,-0.063075513
Clin,-0.000683154
Wlrd,-0.063199885
18th-c,0.188987052
Dynam,0.442084553
M.c.,-0.135002071
Govnt,0.042862565
Knowledge,0.073870234
Blacks,0.030226413
Makg,0.022658643
Environment,-0.231702047
Critical,0.091017263
Korean,-0.004961642
Latino,-0.065781075
Perspect,0.095336083
Nutrition,-0.062863664
Enhancing,-0.336170554
Thoreau's,-0.005210293
Cntmpry,-0.018977255
219-220,-0.017088035
Illustration,0.178465452
Managerial,0.056826522
Approaches,-0.151791896
Rise&amp;fall,0.036841107
Lives,0.00904796
Amer,-0.064675805
Sundays,0.078734729
Brunner,0.031612626
Rehab,-0.161963768
Survey,0.072314302
Mysticism,-0.103856943
Span,-0.002372597
Domestic,-0.053239605
Retailing,-0.123814096
County,-0.111427507
Engineering,-0.020840182
Fairness,-0.217401016
Diff,0.084405082
Surgery,-0.099385456
Electronic,-0.196290917
Historiography,0.28051148
Develop,-0.006055613
Neurobiology,0.043873144
Introduction,0.06623805
Humans,0.221876837
Cent,0.294005
Biosocial,0.167166667
Preceptorship,-0.127701438
Sim,0.007250868
Paul's,-0.025240899
Limits,0.223430416
Adol,-0.128092442
Incarceration,0.034015063
Advisor,0.084856961
Playwriting,-0.247435026
Economy,-0.098998494
Ceramics,-0.046997934
Neuro,-0.069373912
Romantic,-0.029207248
Musicianshp,-0.373477048
Criminalization,0.048052204
Trial,-0.035644515
Estuaries-,-0.03699393
Behav,0.365944
Americas,0.068218101
Gardens,-0.07291796
Madness,-0.102624261
Estate,0.002913576
1800,0.003263027
Principles,0.043117499
Entreprenship,-0.08253972
Maternity,-0.176707569
Mass,0.12588356
1st,-0.059082808
Choral,-0.046242872
Crct,0.016516862
Prehistory,0.264692157
Afterlives,0.088059716
Cine,0.136137979
Macro&amp;nano-scale,-0.264777088
Outlaws,-0.054180847
Representation,-0.141467929
Films,-0.120064599
Conflict,-0.064741454
Thgt,0.290431509
Metropolis,-0.034118085
Evening,0.105382367
Javascript,-0.082329201
Mechanisms,0.046931517
Entrepreneurship,-0.073813106
30pm,0.039114408
Lighting,-0.154967259
Peer,-0.003572635
Tourism,0.186613439
Acquisitions,-0.043691713
Cin,0.163679285
Cir,0.388701737
Tech,-0.2122322
Civ,0.019277844
Func&amp;comp,0.203287503
1968,0.038446895
Jersey,0.056318837
Gendr/sexuality,0.063658919
Protocol,-0.065191805
Just,0.063480824
Rts&amp;globalization,0.031996656
Global,-0.048146429
Directing,-0.059850465
Grt,1.70E-05
Rels,-0.122309959
Res,0.22496727
Rev,0.068218101
Bio-physical,0.103780258
Ventr,-0.0557764
Shakespeare,0.215509169
Rel,0.261112328
Jane,-0.048308917
Rec,0.100930715
Grk,1.70E-05
Cult.,0.008580746
Expansion-pacific,0.020679937
Chromosomes,-0.079726729
Latin,0.102618554
Theatre,-0.27348456
Heat,-0.106272692
Imagina,0.188987052
Imaging,0.064579717
Dates,0.048331879
Cultr,-0.08259259
Equality,-0.014613302
Presidency,0.095613643
Mm,-0.154566782
Age,0.180402721
Changed,-0.130170759
Quiet,0.034649656
Baroque&amp;recorder,-0.145597944
Sharing,0.170830569
Lactation,0.08623591
English,-0.41460466
Bioengineering,-0.032437555
My,-0.057205945
Computational,-0.414039842
Gangs,-0.331742441
Ligon,0.023815357
Meam,-0.110583014
Legacy,0.058002066
Rigidity,-0.016891567
Technology,-0.027411406
Machines,-0.074990184
(Viper),-0.124469783
Justice,0.095594563
When,0.077466208
Languages,-0.353965478
Eth/soc/pro,-0.571340584
Gamification,-0.509002585
Capstone,-0.085597881
Differences,0.143068707
Span/spanam,-0.629576176
Russia,-0.093038057
Positive,-0.012546442
Mime,-0.067654699
Cities,0.048754542
Processes,-0.012571145
Wizard,-0.027672939
Ben,0.167647366
F,0.336970254
Opera,-0.128669214
Ritual,0.179135048
Implications,0.112487145
Beg,-0.096080004
Children's,0.239228756
Time,-0.72038216
Mdrn,0.258294331
Expression,0.079598225
Blackwell,-0.135460517
Fictions,-0.008530898
Traditions,-0.039955706
Family,0.003268094
Prin,0.139451249
German,-0.093044246
Magnetic,0.055663858
Manufact,-0.007327617
Entrepreneur,-0.157447304
Socio,-0.086140507
Comparative,0.007095504
Our,-0.03699393
Langston,0.046594731
Throughout,0.183998269
Children,0.054049581
Ethnicity,0.02009048
Priv,0.004502169
Applied,0.115514639
Media,-0.128963961
1780-1930,-0.031191275
Mid,-0.026782658
Symphony,-0.002329201
Polit,-0.073973944
Multinational,-0.082727492
Europ.union,-0.013424859
Musics,-0.071658161
Marketing,0.01337648
1,0.065274228
Civiliz,0.035688599
Why,0.000166098
Urb,-0.115066524
19&amp;20th,0.229446272
Macro,0.079757378
Foulkeways,0.014666119
Ugly,-0.044580055
Neurodegenerative,-0.036542514
Corporate,0.12002905
Sci-fi,-0.100663813
Entrepr,-0.0557764
Metropolitan,-0.164609318
Series,0.505091923
Sources,-0.046292867
2012/13,0.07004082
Identities,0.000105047
Islam,0.257477017
Recovery,-0.03699393
Chg,0.03702791
Biochemistry,0.145747362
Breaking,-0.030014058
Econom,-0.007805568
Entrprse,-0.155414741
Genetic,-0.089363508
Texts,-0.002918121
Anlys,0.083451568
Cur,0.140196249
Ghana,-0.097352923
Psychiatric,-0.062370774
Mgr,-0.080977368
Effects,-0.043631271
Decison,-0.075174723
Iii,0.148346031
Tbd,-0.066408458
Subj.,0.010667203
4-Dec,0.180137593
Fall,0.070676385
Rome,0.01449067
&gt;,-0.226624344
Superbug,-0.059825526
Joseph's/holy,-0.083916342
Ethically,-0.003682232
Snip,-0.068011863
Statistic,0.048494653
Mod.phys.,-0.088826415
A,0.000493385
Detectives,-0.002372597
Philanthropy,-0.042747381
Aft,0.110545567
Renaissance-contemporary,-0.011079201
Thru,0.023542424
Afr,-0.166734274
3rd,0.03702791
Comps,0.244939219
Vengeance,0.154878702
Practicum,0.19460986
Commerce,0.118466974
Theater,0.018281924
Places,0.139184563
Rights,0.05928237
Design/engineer,-0.071414601
Musicians,0.205837484
Mixed,0.264387656
Security,-0.072665287
Jewry,-0.447171278
Peds,-0.035855805
Being,0.111016366
Money,0.038444238
App,0.148335091
Comp.,0.070548277
Welfare,0.00595554
1000,-0.084456499
Brazil,0.123462012
Asia,0.015367658
Inca,0.13039125
Gwynedd,0.014666119
Rates,0.048331879
Stars,0.227719367
Medicine,-0.074071844
Hollywood,-0.012179631
Eur,-0.374576762
Relig,0.004339459
'45-pres,0.059286245
Problems,-0.041426239
Insr,-0.1056335
Wharton,0.034858692
Investing,-0.245026621
2,-0.055801025
Cult,-0.155746301
Post,-0.017561064
Data,-0.397346981
Response,-0.054579212
Circuit-level,-0.01974632
Davinci,0.008734232
1900-1945,-0.114989165
Thrill,0.027157617
Devl,0.17826657
Hispanic,-0.069777792
Ital-american,-0.176221473
Behav.,0.0337927
History,0.080472617
11,0.095520708
10,-0.12673299
12,0.058972097
14,0.078204176
17,0.06101173
Perf.,0.013606333
4-7pm,0.008970817
Therapeutics,0.087464479
Court,0.138700358
Philadelphia,0.071136581
Indust,-0.091752783
Field,-0.236062086
Inquiry,0.016624675
Main,0.059696725
Do,-0.013830551
Dl,0.033426838
Personne/hum,-0.388991438
Jewish,0.071379449
De,-0.253513648
Mapping,-0.031646007
Haskell,0.109545799
Faculty-student,-0.035953184
Hall,-0.056329697
Impressionism,0.035170799
Basics,-0.208688772
205,-0.015838035
Policymaking,0.018126595
207,0.007599465
Covering,-0.062105123
Healthy,0.054083139
208,-0.002177321
Technolgy,-0.156412311
Forensic,-0.15961348
Healt,-0.029008219
Verbal,-0.217417035
M/w,0.046666667
Asp-managing,0.03952135
Moduls,0.031612626
Accounting,0.019617114
Chem,0.297343649
Decisions,-0.042056012
Franklin,-0.183283956
Web,-0.189601009
Genres,0.067920333
Political,0.086669293
Research,-0.12707172
Criminals,-0.002372597
Role,-0.016891567
Systems,0.105475724
Microeconomics,0.274800811
Across,-0.022399377
We,-0.027661102
Woman,-0.439660244
Dsgn,0.088546782
Picasso,-0.021231319
Continuing,-0.086561731
2pm-8pm,-0.007235039
Leadership,-0.014824878
Studio,-0.028713343
Solar,0.219153628
Translation,0.054784886
Entrship,0.050802105
Buyouts,0.112276317
War&amp;peace,0.064495845
Violence,-0.138099209
System),-0.135002071
Colloquium,-0.233687825
Right,0.028718712
Methods,-0.026427763
Education,-0.132056651
Sem/afro-brazil,0.140196249
Criminology,-0.215329201
Juniors,-0.146606216
Anthro,-0.166254404
Francoph,-0.009109734
Exhibits,0.084169389
Appl,0.247838015
O'hara,-0.068336029
12hr,0.165658528
Techn,0.050802105
Theory/musicianship,-0.022547607
Cell&amp;micobio,-0.083779321
Infect,0.117005828
Becoming,-0.02271763
Curriculum,0.084856961
Silverstien,0.260827058
Hepburn,-0.049686883
3,0.053807447
Twentieth,0.054517424
Facial,0.053507312
Pharaohs,-0.006985857
Bible,-0.079687979
Natural,0.036651177
Persp,0.593573374
Securities,0.0485427
Diseas,0.080463313
Tolstoy,-0.058579201
Cinema,0.193535394
Darwin's,0.058002066
Stability,0.094441018
Religions,-0.180398412
Mechatronic,0.440400955
Individual,0.086371906
Through,0.355524744
11-Jul,-0.187194048
Laboratory,0.06832512
Presby,-0.081697435
Investment,0.091944776
Tutorial,0.226877486
Decline,0.055051467
Death,0.24596246
Genetics,0.206394277
Pictures,-0.189847537
Decision,-0.082642672
Note,0.039114408
Yrs,-0.084456499
Other,-0.090235382
Surg,-0.068011863
Electric,0.055663858
Geology,0.007726138
Bus,0.033351126
Personal,-0.08175755
Schools,-0.116829007
Modeling,0.376792119
Clture,0.176900138
Revealed,-0.043827115
Identity,0.001829866
Morality,-0.155485996
Dmd,0.267226555
Phil,0.206440646
Artman,0.006081234
Learn,-0.057928691
Action,0.067606857
Intimacy,-0.034396322
Cleansing,0.562815856
Oper,0.002537393
Spiritual,0.046635048
Globalizing,-0.076694714
Analy,-0.031646007
Astronomical,0.013835399
Outcomes,-0.002183678
Imagination,-0.007276143
Quantum,0.109839612
Open,0.2093204
Causes,0.067157441
Masculinity,-0.012576085
Asthma,-0.085652858
Transfer,0.061835399
Memory,0.091807289
Dcmh,-0.314826466
Comp,0.187014507
Spirituality,-0.157263562
Intermediate,-0.074926046
Linguistic,0.517660647
Drama/theatre,-0.018977255
Profile,0.024987971
Molec.,-0.028324808
Israel,-0.029470612
Nelc,0.099313037
Merchandising,-0.092831267
Jazz,-0.037065796
Blood,-0.176221473
Silver,-0.011492441
Statistical,0.122861107
I,0.109237119
Modules,0.007250868
Contmp,-0.063681388
Fagin,-0.056329697
Courtland,-0.280866799
Clean,-0.060291872
Freshwater,0.186828929
Dream,0.198879176
Meth,0.014701243
Landscpe,0.136997266
Is,0.065928918
Ir,-0.065893202
It,-0.026563174
Iv,0.238629715
Ii,0.111038381
Philosophical,0.051951915
Im,-0.125724465
Whug,0.109871259
In,-0.036856222
Ecosys,0.079419992
Physical,0.062496674
214,-0.033963035
United,-0.061999599
Capitalist,-0.283455797
Service,-0.220041333
Transnatl,0.053233562
Hist,0.101409769
Concerns,-0.157263562
Molecular,0.141817837
Markets,0.001211502
Linear,-0.114458692
Author,-0.078610851
Glob,0.047710165
Applications,0.039922081
4,0.069536206
Separation,0.161741944
3-Nov,-0.023597515
Ethics,-0.001045175
Mark,-0.057205945
Change,-0.048648454
Control,0.079717213
Student,0.038446895
Tuck,-0.068011863
Napoleonic,0.007472888
Many,0.023542424
Foulkways,-0.21012967
Molec,-0.070390145
Afro-brazilian,0.140196249
Project,-0.066092952
Micro,0.090381655
Film/tv,0.030226413
4-Jan,-0.084442363
Sociocultural,0.063997962
Teach,-0.124449298
Operations,-0.034364456
Brave,-0.091224432
Curatorial,0.057058902
Contemporary,0.119451813
Ravdin,0.038381752
Balances,0.029772899
Thesis,0.038329461
Contempor,-0.014914601
Before,-0.050267723
Non-fic,0.325443363
Democracy,0.193313133
West,0.068301698
Since,-0.035730835
&amp;Treatment,-0.078852593
Terror,0.03424213
New,0.08187946
Marx,-0.038162535
Compilers,0.088391621
Knowing,0.014177348
Med,0.083312154
Government,0.032979927
Men,-0.058182135
Hematology,-0.029710986
Frictions,0.58156074
Planning,0.013682604
7am-1pm,0.170978771
Ruby,0.04461077
Projects,-0.047045409
Interaction,-0.215353566
Behavior,0.049718223
Playing,0.010901102
Medieval,-0.077436987
Mathematical,0.132706864
Revolution,0.08401327
Trade,-0.020282476
Protest,0.038446895
Scientist,0.008734232
Analyzing,-0.031646007
Flm/med,-0.012179631
&gt;1400,0.027427241
Pulmonary,0.13984222
Woolf,-0.085808917
Adv,-0.078420146
Story,-0.064940233
Developmental,0.003994311
Memories,0.003898021
Ny,-0.067801387
Acting,-0.22033837
Mus,0.022658643
Though,-0.098928623
Philosophies,0.046549588
Childbearing,0.0452756
Perform,0.025248564
Joseph/holy,0.228545312
Arch,-0.054426728
J,-0.007803936
Experience,-0.130282846
Freud,-0.033579201
Lit.,-0.060012589
Harry,0.046354626
Quantitative,0.322824086
Tutoring,0.079143288
Guide,-0.268946392
Redevelopment,-0.133306651
Sys/microcont,0.118389553
Neighbrhd,-0.032921729
Century,-0.015911733
Witchcraft,-0.082441713
Society,-0.142409581
1789-1914,-0.178959771
Psci,-0.031262546
Fin.stm,0.036692542
Adaptation,-0.415931227
Stochastic,0.225866944
Crisis,-0.081871524
Seminar,0.07688659
Est,-0.000717551
Adolescent,-0.004922451
Space,0.425377783
Peoples,0.026933196
Theory&amp;musicianshp,-0.031979854
How,-0.009200578
Production,-0.237114596
Mathematics,-0.165263598
Diversity/tech/penn,0.181379583
Real,0.107829526
Savages,0.163679285
Reading,-0.080519873
Algebra,0.17726838
Art/artists,-0.086582449
1791-pres,-0.11464695
Lab,0.015891693
5,0.058915625
Prtg,-0.096020882
Lat,-0.065781075
3-d,-0.381788509
Asian,-0.122159097
Serv,-0.055237112
Great,-0.073107956
Epigenetics,0.025669631
Alex,1.70E-05
Pennswood,-0.277090359
Addiction,-0.044947835
4-Mar,0.039114408
Negotiation,0.018090093
Virtually?,0.43914842
Major,0.068944957
Perspct,0.047077028
Runner,-0.125808917
Executive,0.252397289
Moby-dick,-0.087867834
Brain,-0.219182023
Street,0.021979167
&amp;Emergency,-0.054579212
Fndmtl,0.016516862
Advertisng,-0.155689096
Caesar,-0.152974318
Gis,-0.063292014
Fin,0.289331414
Ensemble,-0.252457598
Environ.,0.111945895
Discov,0.021600052
Recitation,0.041308844
Res.,-0.161839472
Struc,0.046931517
Eas,0.167950438
Contract,0.087295928
Training,0.002141038
1pm,0.008351248
Ventures,-0.126259377
Contemp,0.064684252
Punishment,-0.229813363
Beethoven,-0.011495868
Nursing,-0.046048036
Enterpr,0.018386606
--,-0.08958016
Resp,-0.151283354
Mrkts,-0.13696642
Ngos,0.001604572
Course,-0.001220529
Psycho,0.03233029
20th,0.1495025
Comparisn,-0.080754954
Impact,0.10519742
Foukways,-0.067579038
Austens,-0.048308917
Initiation,-0.0557764
Dsg,0.04822222
East,-0.036002145
Span/med,0.016795472
Paleontology,-0.124829201
Linux/unix,-0.066164601
Plotting,-0.054548658
Liberties,0.015029811
Cultural,-0.209690606
Dubliners,-0.017223529
Modernity,-0.008664601
Arena,0.067949167
Rhetoric,0.016878917
Redeemer,-0.1211778
Analytical,0.022050443
Russ,0.005834217
Pulp,-0.008530898
Aesthetics,-0.039204201
Comput,-0.097138889
Jews,0.215660232
Communication,-0.106464249
Mandela,0.05779154
Architecture,0.036345408
Style,-0.261743064
Darkness,0.045293509
Reform,0.053869927
Things,0.030494305
Penalty,0.018243093
S.,0.070548277
Animal,-0.001479782
Visualizing,-0.030302159
Inglis,-0.031305219
1945,0.082496608
Europe,0.155797237
Phys,-0.39741465
Soft,-0.040991404
1700-2000,-0.075965782
Corp,0.011818258
6,0.042359914
Russian,-0.131081067
Neuroscience,0.099560086
Milton's,-0.052205945
Intel,-0.032669709
Tobacco,-0.044947835
Sr,-0.244257232
St,-0.065781075
Banking,0.120968522
American,0.029013567
Sexuality,0.063876098
So,0.045011003
Modlg/sculp,0.205123553
Found,0.071411812
Se,-0.437805129
Now,-0.021447565
Psycholinguistics,-0.071715792
Int,0.623341604
Inv,0.185670904
Activists,0.042862565
Stratification,-0.010991454
Ins,-0.038072499
Theory/prac,0.003669209
Mideast,-0.155456472
Ind,0.121474998
Inf,-0.163201165
Inc,-0.067579038
Modernisms,-0.013066713
Orchestra,-0.085944121
Counterterror,0.023727269
Speaker,-0.096020882
Do?,-0.030931797
Sanskrit,-0.059082808
Fundmtls,0.030589202
Superfluous,0.017954309
Polarization,0.145170799
Meaning,0.234393675
Rhodes,-0.014142477
Structural,-0.045366404
Desire,-0.099011871
Constitutional,0.053089723
Bankers,0.042862565
Foreign,0.235072048
Matter,-0.018874941
Environ,-0.127633586
Biotec,0.029585399
Churchill,0.069130826
Bio-molec,0.510466254
Bioeng,-0.260472179
Univ/comm,-0.078661517
Visions,-0.073039601
Film,-0.11500897
Derivatives,0.189170584
What,-0.044396372
Nano,0.041490717
Heat/mass,0.061835399
Mach,-0.007327617
Income,0.08806405
Africana,-0.144438257
Methd,-0.059194578
Illusion,-0.070429156
Benjamin,0.160147366
Classics,-0.048834446
Copyright,-0.119778676
Long-form,-0.050886932
Philosophy,-0.041911043
Strikes,0.077466208
Experimental,0.144563776
Implicati,-0.288922737
Pol.,0.00595554
Risky,-0.290075971
Valuation,0.168299643
Sound,-0.030741671
Evolution,0.038450483
Resolve,-0.002394233
Socrat,0.206582615
Vent,0.078681676
Perception,-0.0047064
Biologically,-0.123611566
Capitalism,0.043032232
Bad,-0.038308917
Era,0.007472888
Internshp,-0.068247934
Senior,0.025108624
Ethical,-0.013932112
Saving,-0.03699393
Potter,0.046354626
Environments,0.029755219
Silverstein,0.100486725
Bryn,-0.088029354
Zone,-0.081871524
Eng,0.066555187
Tax,-0.004283015
Saints,-0.144070622
Sports,-0.19609656
Automata,0.088707742
Complex,-0.014824878
Ent,-0.074123011
Lifestyles/new,0.05271914
Criminal,-0.23444057
Villa,0.22272987
Proseminar,-0.489155574
Practice,-0.220638679
Monsters,-0.157879885
Renaissance,0.062785563
Avant-garde,-0.168064947
7,-0.191260103
Class,-0.238828273
Town,0.109274262
1870s,-0.013793324
Drama,-0.076619748
Stapely,-0.194581991
Principle,0.04822222
Historical,0.045901674
Nonprofit,-0.03434515
Investments,0.065399919
Em,-0.011276528
Profs,0.016795472
People,-0.209666047
Nature,0.098530117
Past,-0.030302159
Bioethi,-0.106510424
Eu,-0.081871524
Biologist,-0.082907061
Linguistics,-0.049850465
Samba,-0.183140834
1-Jul,0.048123534
Fri,-0.064024867
1877,0.07040706
Indian,-0.007679031
1870,-0.124947922
Combo,0.117039576
Persuasion,-0.004712649
Corruption,0.135046882
Personality,-0.185276855
Eating,-0.003682232
Populations,-0.061858502
Models,0.180976667
Physics,0.03389294
Screen,-0.068408585
Pleasant,-0.0170352
Environmental,-0.150862543
Abroad,-0.208302944
Anal&amp;rep.incent,0.036692542
Paoli,-0.159177869
Language,-0.045580004
Clinical@chop,-0.130621036
Dangerous,0.409591382
Millenium,-0.004788466
Mktg,-0.223891013
Innov,-0.104612636
Cytoskel,0.044772406
Lenses,0.023542424
Innova,0.142587879
Dev/entrep,-0.000534912
Cancer,0.125811086
Dissent,0.038072809
Intro,0.043898293
Sociology,-0.080391291
Rich,-0.030984905
Creativity,-0.116726222
Late,-0.018569431
Finding,0.028718712
Equity,-0.426383694
Penn,0.116682835
Situating,0.181340001
Challenges,0.03400936
Diseases,-0.171789601
Power,-0.007257858
Food,-0.102634673
Semicon,0.079950778
Virginia,-0.085808917
Arab,-0.107996603
17th-century,0.200162449
With,-0.385601443
Macro-modeling,0.067045799
Univ-community,-0.119568693
Remix,-0.090071008
Iss,-0.055836029
Isp,-0.030045481
(North,-0.135002071
(Continuation),0.144888831
Communications,-0.068247934
Concepts,-0.043854337
Fresh,-0.006638915
The,-0.021724882
Adv.,0.0337927
Form,0.018439605
Egypt,0.090824669
Zen,0.065349277
1-Sep,0.431765677
Sample,-0.15696574
Cost,0.061387018
Cloud,-0.099073966
Transformations,-0.019846246
Consumption,0.2110913
Trials,-0.09900216
Myths,0.004339459
Poetic,0.037914707
215,-0.007713035
Genome,0.0096704
Synth,0.000813362
213,-0.017296369
Kingdom,-0.330193099
Ops,0.150396205
Internship,0.046635048
Rna,0.203287503
French,-0.110390274
8,0.050329375
Wrld,-0.15215637
Magic,0.18462173
Asia/ltam,-0.063199885
Mkt/soc,0.223621138
Reich,0.023281726
Incorporated,0.199959299
Hearts,0.045293509
Institutions,0.052101396
1400,0.038067813
Help,-0.002394233
Faculty/student,-0.078661517
Musicianship,-0.226868136
Nurs,-0.108738152
Networks,0.022180812
Water-green,-0.060291872
For,0.122488925
Create,0.046463625
Ocean-atmosphere,0.112487145
France,0.006932982
Founders,0.032222836
Mash-up,-0.090071008
Firms,-0.108891208
Evol,-0.14406112
Collaborative,-0.114614701
Asp-corp,0.094460399
More?,-0.013830551
Park,-0.0170352
Part,0.232268214
Folklore,-0.139333651
Light,0.000215835
Nanotechnology,-0.211933798
King,0.053237315
Be,-0.006088387
Lsmp,0.400576372
Against,0.211255217
Ii-ee/sse,-0.22024402
Optimization,-0.148602877
African,-0.123496795
Detective,-0.116791592
Econ.,-0.040410047
Rhoads,0.04123398
1800-2000,-0.173386193
Chin,-0.006126401
Green,0.179500853
Ethnomusicology,-0.016933798
Morphological,-0.003410126
Turkish,-0.08703316
Undergrad,0.335948215
Dilemmas,-0.179325572
Everyday,-0.106510424
Online,0.034471019
Biochem,-0.089109245
Spaces,-0.041412144
War,0.167718933
Calculus,0.066403583
Statics,0.002041393
Brothers,-0.06296483
Perspec,-0.016891567
Processing,0.200962303
Plac,-0.031646007
Paschalville,-0.019997135
Women,-0.057112268
Disturb,-0.035094867
Solarsystem,-0.167824748
Warfare,0.099313037
Priniples,-0.366877829
N,0.272420328
Entrepreneurial,-0.103438188
Emp,-0.028511342
Dilemma?,-0.002394233
Software,-0.071414601
Old,0.491025459
Demog,0.135743965
Winston,0.069130826
Sitar,-0.225665905
Statecraft,0.154874199
College,-0.110627658
Measure,0.000365976
Cold,-0.154874322
Wwi,-0.169770083
Market,0.005398991
City,0.05889718
Thesis/biomed,0.272868078
Romance,-0.038308917
Strategy,-0.079444037
Prison,-0.060012589
Stoch,0.105807739
Define,0.003898021
9,0.067687375
About,0.169289834
Acqs,0.112276317
Contexts,-0.002918121
Lines,-0.02466244
Movies,-0.073165383
Cog,0.17917489
Cosmopolitan,0.09602121
Fourier,-0.130862839
Col,0.207100685
Con,-0.009522853
Wwii,0.146290696
Soc,0.045696975
Inference,0.074414955
Figure,-0.24518788
Egyptian,0.027585399
Revol,-0.004943067
Economic,-0.172328751
Sov,0.038959217
Algorithms,0.326816202
Tools,0.166903136
Karl,-0.031685426
Nelson,0.05779154
1789,-0.096080004
Labor,-0.087813059
Trauma,-0.019725999
Internet,0.053962829
Comedy,-0.0152764
Exclusion,0.033667064
Rehearsal,0.109274262
Theory,0.105247591
Poverty,-0.453652857
Proving,-0.103995023
Nation's,0.211456473
Vagelos,-0.124469783
Informal,-0.040760585
Art/lit,-0.062317748
Ethnic,-0.457485678
Front,0.034649656
Proof,-0.129664448
Marine,-0.070380689
Scholars,0.109871259
On,-0.198643835
Om,0.066038944
Graphic,-0.264210869
Fakes/forgeries,0.149721709
Methods/prac,-0.065893202
Of,-0.034757605
Cells,-0.057884168
Dig,-0.030570215
Ob,-0.105534176
Air,-0.046292867
Diaspora,0.00904796
Oz,-0.027672939
Behavioral,-0.063723478
Aid,-0.205391951
Op,0.117606066
Pakistan,-0.104742454
Cltr,-0.002294921
Surgical,0.059563979
Learning,0.012356469
Crit,0.095336083
Acct,-0.060952427
Num.,0.111227259
Metaphysics,-0.144886368
Hindi,-0.153411043
Epistemology,0.008920799
Management,0.025857601
Hellenistic,0.084304586
Evenings,-0.081431938
Law,0.002081075
Ecologies,0.144036827
Prac,0.084361669
Negotiation/conflict,-0.308834933
Agent-based,-0.398570084
Norristown,0.020022811
Possession,-0.082441713
Projec,0.034970848
Scalable,-0.099073966
Gutenberg,-0.042443537
Ren-contemp,0.027427241
Pixar,-0.012576085
Pact,-0.040472293
African-american,-0.016002802
Dante's,-0.0152764
Economics,0.073412897
Infectious,-0.171789601
Strategies,-0.349093996
8-Feb,0.100553325
Pollution,-0.046292867
Latinos,0.111386594
I-ee/sse,-0.289077354
Glenn,0.023815357
Revolutionaries,0.005496178
Theory&amp;muscianshp,-0.046354854
Lion,0.053237315
Neurobiol,-0.057928691
Ottoman,-0.08703316
Psychoanalysis,0.118037645
Flutes,-0.342762037
Devil's,-0.040472293
Logic,0.029908147
Young,0.108399338
Their,-0.06296483
Speech,-0.264508452
Optics,0.1514494
Psychopatholo,-0.021756812
Nano-scale,0.103920474
Pathophysiology,0.069261385
Comm,0.021829224
Coml,0.146163435
Katharine,-0.049686883
Animals,0.192741573
Google,-0.042443537
Hitchhiker's,0.258294331
Poe's,0.020485726
Irish,0.075486155
Gotta,0.004802435
Greece&amp;rome,-0.019066374
Africa,-0.040222754
Poverty/social,0.033667064
Books,0.123349569
Sense,-0.055676065
Asian-american,-0.049752802
Ica,0.023815357
Beh,0.138408918
Nyu,0.152356737
To,-0.065543696
Land,-0.006985857
Nanoscale,0.164439487
Th,0.077261443
International,0.045453275
Lecture,-0.012097505
Map,-0.031646007
Numb3rs,0.014918592
Mat,0.002041393
Cultrs,-0.009109734
Portfolios,0.03952135
Neural,0.023431665
Matls,0.416947886
Poetics,-0.054548658
Background,0.261380258
Cultrl,-0.004943067
Representations,0.051312228
Haydn/mozart,-0.086079201
Maj,0.110545567
Warming,-0.01674878
Man,-0.001392653
Case,-0.085119993
Organic,0.111307764
Skills,-0.066164601
Gender,-0.072817812
Scandalous,0.325603963
Thought,0.042631176
Urbanism,0.058120816
Making,0.125974315
Audio,-0.030570215
Documentary,0.272439884
Stewart-colbert,0.194119364
Choir,0.043609451
Interfacing,0.037967542
Am,-0.042271827
An,0.000641604
As,0.343349261
Ar,0.531435619
At,-0.020025273
Apocalypse,-0.021447565
Relief,0.021133933
20th-cent,0.032016319
Feeding,0.08623591
Based,0.108016824
Literacies,0.1290247
Homelessness,-0.084180438
Pathogenesis,0.411716306
Non-profit,0.030285612
Integrated,-0.032079432
Retail,-0.092831267
Clst,0.137956316
Business,0.06712177
Stem,0.035125235
Unoff,-0.063199885
Words,-0.057205945
Buyer,-0.010797424
Diplo,0.025881845
Reviewing/criticism,0.013606333
Ocean-atmosph,0.210675543
Univ.,0.092792901
Organ,-0.080704985
Cognition,-0.09959942
Phila.,0.253270543
Masterpieces,-0.09538751
Chick,0.001802435
Fixed,0.08806405
Acquisition,0.040125803
Provocative,-0.101233818
Emerging,0.074528192
Mural,0.225875862
Sufism,0.041420799
Morphology,-0.063615174
Spa,-0.031646007
Tuesdays,0.066293361
1660,0.063386292
Revolutions,-0.014603624
Commun,-0.020044672
Satan's,-0.112058917
Biol,-0.41748188
State,0.042495212
Teaching,-0.178118557
Thght,0.136827181
Transformation,-0.029297849
1912-2012,0.11747879
3s,-0.003807062
Regulations,-0.03699393
19th,0.1445025
Ling,-0.182142033
Org,-0.052832301
Line,0.059696725
America,0.038723685
3e,0.169124836
3d,-0.370300595
Biotrans,0.126158101
Poor,-0.030984905
Freedom,0.080330178
Typography,0.057670799
Greek,-0.041077513
Marriage,-0.053786179
Clay,-0.011251203
Selection,-0.312116404
Chinese,-0.049497397
Energy,0.089595282
Journalistic,0.200450225
Organizational,-0.244547424
Arabic,-0.10790412
Religious,0.165464396
Brand,-0.784819774
Spectroscopy,-0.042156226
Utopias,0.226095341
Hindu,-0.007336041
Construct,-0.000992582
Nicu,0.278852518
Tutor,-0.082715923
Jr,0.031612626
Brazilian,-0.19584959
Ven,-0.074123011
Cinem,-0.09538751
Exploring,0.02009048
Fr,0.083203422
Motivated,0.138408918
Hum,-0.38561471
8-11am,-0.020404183
Hup,-0.017390661
Asam,-0.482534547
E,-0.063199885
Electromagnetism,0.014320198
Lang,0.201560446
Novel,-0.243553051
Geometry,0.005085399
Chop,0.065175718
Neuroeconomics,0.067670799
Partn,-0.18597279
Mergers,-0.043691713
Reactor,0.079123443
Modernities,-0.013066713
Period,0.0399138
Library,-0.155457652
Syntax,0.036476444
Video,-0.133441321
Hiv+,0.060325743
Israeli,-0.086787358
Struct,-0.217417035
Cath,-0.30920276
Kirkbride,0.038936495
Mr.,0.028718712
Policy,-0.135093996
Cultures,-0.018780447
Hegemony,-0.030014058
Pharmacology,0.061394277
Wave,0.062611233
Cardiac,0.166814564
Yr,-0.027470182
Friends,-0.004981977
Noble,0.163679285
Phila,0.046463625
Disease,0.074039265
British,0.122376685
Roman,0.023437248
Visualization,0.187401608
Joes,-0.206209274
Woman.,0.079393493
Orwell,-0.228058848
Disaster,0.077466208
Flds,0.055663858
Community,-0.05826702
9am,0.008351248
Middle,-0.002681653
Greece,0.05649067
Politics,0.094983341
Const,0.018386606
(Flcp),0.028439094
Smith,0.056381041
Microbiology,0.160335539
Civilization,-0.338698456
1900-present,0.18436461
Biomechanics,0.105744773
Finan,0.039010377
Scientific,-0.216498265
Freshman,-0.094244739
Emergence,0.214106866
Solid,0.016516862
Demand,-0.099011871
Architect,-0.097558859
Can,-0.044762348
Social,-0.053837747
Mawr,-0.088029354
Pro,-0.124449298
Bancroft,0.056318837
Bucks,0.350490628
Use,0.041055698
Auditing,-0.322954201
Sat,0.06476428
Muscianship,-0.235336065
Arts,-0.163205064
Statistics,-0.050036066
From,0.124768236
Consumers,-0.108891208
Princ,-0.04729773
Chaucer,-0.161249436
Biomedical,-0.036284026
Modificatn,0.172602188
Print,-0.046707151
Arth,0.452850606
Comparisns,0.288320884
Rdg/wrtg--new,-0.050886932
Autonomic,0.329317837
Vert,-0.21351491
(Character,-0.022695181
Proces,0.126158101
China,-0.057690339
Breast,0.08623591
Baby,-0.162493601
Neurolaw,-0.211079201
Photographic,-0.112165032
Tue,0.31667637
Stage,-0.126614067
Ident,0.141123073
Older,0.14651172
Geotechnical,-0.105833508
Museums,0.002809778
Sweat,-0.176221473
Narrative,-0.358445522
Drawing,-0.03435067
Creat.non-fiction,0.188152866
Topics,-0.053665815
Currency,-0.081871524
Stdy,0.079245032
Civs,0.183879526
Comic,-0.100091364
Divine,-0.0152764
Landscape,0.037037298
Physi,0.269907517
Prop,0.134101998
Program,-0.023857703
Proj,0.462900243
Significance,-0.154379072
Prog,0.034688059
Caribbean,-0.063199885
Prod,-0.000534912
Proc,0.045454574
Gospel,0.048709083
Exercise,-0.009141677
Iran,-0.235432298
District,-0.195473764
Powers,0.055051467
Prob&amp;matric,-0.119458666
Intermed,-0.069352235
Identy,0.052662901
Handschrift-hypertext,-0.073579201
Adult,-0.042920175
Chaot,0.442084553
Warhol,-0.068336029
Lankenau,-0.08927793
Treatment,0.038936495
Exoplanets,0.05132888
Success,0.131070618
Database,-0.114196623
Nietzsche's,-0.008664601
Economies,0.033767607
Nanoscience,-0.06306287
Survival?,-0.081871524
Writ,-0.296677719
Sector,-0.03434515
Reactions,0.068863035
Morality&amp;capital,0.04979263
Saturdays,-0.002571637
Classical,-0.001540162
Actuarial,0.171040197
Portraits,0.096121163
Utopianism,0.040206879
Pre-1800,0.125917155
Chronobiol,-0.052220652
Macroeconomics,0.194245256
Information,-0.15475704
Herit,0.024507398
Networked,0.273056263
Phys/chem,0.208267776
Soci,-0.036655774
Writers,-0.111716739
Pah,-0.241878066
Theor,-0.086140507
Development,0.102149318
Independent,0.005065027
Oil,-0.01674878
Dostoevsky,-0.012329201
Fincing-hlthcr,0.033426838
After,0.203526187
Healing,0.015232355
Fabrication,-0.097019191
Modp,-0.011276528
Trad,0.248831403
Hughes,0.046594731
Soc.,0.09135472
Tues,0.013238409
C++,-0.205350593
Reasoning,-0.320416474
Games,0.010901102
Advertising,-0.220436803
Risk,0.005938197
Joyce's,-0.017223529
Disord,0.015211419
Pop,0.09135472
Pol,0.120127571
Growth,0.33999955
Advances,-0.089158884
Earth,0.384299458
Poe,-0.064940233
Paris,0.006657689
Activism,-0.124442337
Actu,-0.265777193
Chemical,0.131275548
Religion,-0.096833999
Rsch-prep/app/meth,-0.323259389
Wrtg,-0.019066374
Innovation,0.065043892
Evidenced,0.03245784
Matl,0.096333019
Public,-0.056132375
Math,0.065669748
Fnce,-0.169678454
African-amer,0.024354542
Hardboiled,-0.051851359
Measures,0.166381062
Principlesii,0.221521285
Craft,0.032027882
Gatsby,0.064048338
Mod,0.449990883
Homer,0.046594731
Midd,0.043833613
Persuading,-0.007683917
Fluids,0.124411391
Enabling,-0.048942378
Solids,0.124308048
Stories,0.021749588
Fitness,-0.009141677
Popular,0.110465774
Mdls&amp;appl,0.117606066
Indus,-0.38561471
Bodies,-0.021047957
Italian,-0.058436769
Penns,-0.044190678
Impacts,-0.256211025
Thursdays,0.174626694
11am,0.056084533
Unmaking,0.296063535
Museums&amp;cul,0.024507398
Thinking,0.08233583
Grace',-0.006997817
Thrgh,0.090911299
Energy&amp;its,-0.02345081
Pa,0.057025596
Foukeways,-0.084442363
Gen.phys,0.269593358
Tudors,0.151895681
Realists,0.005496178
Cycle,0.10427154
Developing,0.083451568
Study,-0.03735959
Differential,0.005085399
Race,0.288408076
N215,0.007250868
Anatomic,-0.022695181
Screenplay,-0.054548658
Intellect,0.024849091
Narrat,-0.022399377
Design,0.069771808
Special,0.096227565
Developmnt,0.065956285
Dyn.,-0.032921729
Dynamics,-0.053004744
Comput.&amp;,0.088707742
12-Aug,-0.228505889
Conscience,-0.296604279
Loc,-0.031191275
Would,-0.002394233
Keynes,0.056381041
Girls,-0.067579038
Artificial,0.057413995
Fiction,0.006274382
Music,-0.064788285
Heb,-0.086787358
Get,-0.013830551
6-Apr,-0.119885273
Strateg,-0.062907063
Theory/clinical,0.136157628
Pol&amp;pwr/policy,0.02234234
Communities,0.015367438
Editing,-0.032324651
Gen,-0.382415656
6-Oct,-0.067579038
Center,-0.23395219
Nations,-0.086758648
Politic,0.109449227
World,-0.134016246
Professional,-0.016284026
And,0.00725704
Illness,-0.026191583
Consciousness,-0.101183896
Anc,-0.012046097
Represen,-0.176221473
Inclusion,-0.13776294
Number,-0.020076793
Elderly,0.062187551
General,0.009994028
Pricing,0.188264795
Viper,-0.124469783
Imperial,-0.018569431
Literary,-0.164419867
Motility,0.044772406
Post-sov,-0.178511179
Astrophysics,-0.118740244
Internment,0.044172455
Strategic,0.439337273
Product,-0.262101009
Contention,-0.009443485
Syst,0.04822222
Post-1800,0.258148147
Pasta,-0.176221473
Dc,0.02234234
Cap,0.078681676
Third,0.021889073
Medical,-0.00743791
Physiology-part,0.084412605
Biotechnology,0.249316202
Anal,-0.118221294
Order,0.153364269
Dulles,0.050439186
Iden,0.090584014
Afams,-0.061280368
Adults,0.063997833
Throwing,-0.011251203
Strat,-0.236255584
Conver,-0.126756092
States,-0.061999599
Fantasy,-0.049952227
Mgmt.,0.065094851
Experiments,0.325232521
Moral,0.068371082
Artists,-0.354882044
Need,-0.013830551
Food/feast,0.005510899
Ldrship,0.046637944
Using,0.046463625
Emotions,-0.043827115
Access,0.083451568
Japanese/amer,0.044172455
Wmn,0.148676859
Influences,0.001033132
Lutheran,0.355799251
Bf,0.321759261
Aspects,0.350029949
Chinas,-0.053239605
Fieldwork,-0.070704201
Friday,0.011666667
Consult,-0.089955028
Fab,0.041490717
By,-0.055459124
Continuum,0.019426025
Administr,-0.004283015
Drug,0.051321443
Recording,0.044397653
Neurosci,-0.101183896
T,-0.011521321
Sustainable,-0.050889298
Prevention,-0.123800428
Netwrks,-0.026089914
Evolutionary,0.0271306
Pre-adolescent,-0.044947835
Mangement,0.028670101
Within,0.084856961
Enlight/decad,-0.006126401
Gossip,0.002802033
Literacy,0.028439094
Sun,-0.075141399
Climate,0.152329226
Actor,-0.170373972
Thermodynamics,0.123017012
Autism,0.002824591
112,0.006661965
4pm-10pm,0.259244765
Terrorism,0.000170799
118,0.039114408
Speaking,-0.118026586
Lost,-0.052205945
Experimtl,-0.080704985
Ital,-0.136497531
Stapeley,0.003834269
Madmen,-0.044903605
Movement,-0.135309399
Strand,-0.083137347
Population,-0.033098844
1876-pres,-0.020625
Circuits,0.60494381
Inside,-0.14927194
Measurement,0.028782619
Play,-0.070604319
Us,-0.089374692
Economist's,-0.016891567
Discrete,0.10050498
Utopia,-0.016079201
Materials,0.146787203
&amp;,0.067554224
Chemistry,0.058890541
Archaeology,-0.069571297
Sci,-0.10253638
Mental,-0.091970952
'Will,-0.006997817
Ages,0.178351185
Americans,-0.070377716
Japan,0.002808288
Aged,0.108399338
Psychology,-0.021612046
Graph,0.310533895
Afro-amer,-0.146644703
Research/inquiry-based,0.036981066
Writing,-0.170602419
Keystone,-0.135460517
Walden,-0.005210293
Approach,0.046463625
Evolving,0.03400936
Diversity,-0.272239619
Finance,0.01221722
Initia,-0.225497228
Secular,-0.041121888
Ame,-0.255470317
Rule,0.255699778
Signaling,0.117932369
Veteran's,0.036353633
Societies,-0.082791965
Mech,-0.009908197
Theoretical,-0.281158481
Science,-0.097190048
Des,0.054143109
Dev,0.000269242
Chamber,-0.046228857
Del,-0.173813205
Healthcare,-0.093677471
Next,-0.004788466
Consumer,-0.109547424
Industrial,0.066163883
Ten,-0.025685868
Journ,-0.063681388
Handbldg,-0.046997934
Neurology,-0.034909366
Stdy-aggressive,-0.078852593
Einstein,-0.021231319
Care,-0.030080965
Modern,-0.062267083
Oceanography,-0.096599346
Descent,0.114420053
Monstrous,0.028059933
Clinical,0.074741631
Private,0.063629716
Antqty,-0.146707559
Else,-0.030931797
Islamic,0.135465812
Cellular,0.059948241
Universe,0.072910412
Phase,0.135517044
Structure,-0.025890371
Milton,-0.079999436
Ace,0.083179108
Future,-0.158975485
Context,-0.107158129
Testament,-0.199428133
Musical,0.188852796
South,-0.02536536
Girard,-0.135002071
Essay/fiction,-0.08175755
4w,0.059877841
Thur,0.027612629
Competitive,0.012614835
Sleep,-0.066051203
Spanish,-0.108401361
Orders,-0.441726209
Techniques,0.013835399